Chromosome	Start	End	Segment_Mean
10	51247249	51271498	-0.423798
16	1785501	1790250	-0.433065
2	91970797	92106296	0.290095
2	114232558	114242807	0.186167
21	9678979	9739978	0.158809
7	10250	9801244	-0.00335134
7	74259710	74280709	0.0545646
8	43422007	43759756	0.04884
9	65968718	66004967	-0.144669
9	69852966	69895215	0.140144
