Chromosome	Start	End	Segment_Mean
1	142691570	142693319	0.157995
16	55795502	55822501	-0.554484
2	87731295	87740044	-0.3706
2	110738557	110804306	-0.0917702
2	132938318	132994817	0.138343
7	74480210	74600209	0.017529
8	144714772	145188021	0.00459038
9	43857479	43868478	-0.0569042
9	66322468	66344217	0.0462768
Y	13261015	13273264	1.58025
