Chromosome	Start	End	Segment_Mean
1	143662069	143664819	0.560532
1	147862071	147865821	0.130332
10	51845248	52000748	-0.379789
11	48964255	50303755	-0.0240416
12	37880720	37989970	0.000513355
4	556250	561250	-0.402546
9	39072480	39078730	0.022116
9	42161479	42232729	-0.0904769
9	44791478	44805728	0.444005
X	52517520	52526770	-0.388698
