Chromosome	Start	End	Segment_Mean
10	48999248	49061998	-0.0693824
14	19327007	19373507	-0.00155686
16	66250	76250	0.019101
17	21254739	21322739	-0.0309544
2	87432044	87441294	-0.237326
2	112188306	112297556	0.0226225
5	83250	87000	-0.297166
6	58077272	58080272	-0.363354
7	101288694	101324944	-0.454099
9	66112217	66164717	-0.51859
