Chromosome	Start	End	Segment_Mean
15	83017162	83028162	-0.00214228
16	2099000	2101500	-0.326065
17	34634982	34670482	-0.22998
21	10102477	10211477	0.404341
9	39062480	39066730	0.0509022
9	45746977	45763727	0.175426
9	70205965	70377965	-0.000279509
X	52266770	52299770	-0.503136
X	61725773	61918773	0.173378
Y	13445514	13459764	5.71783
